{"cameraMode":{"drawMode":0,"name":"Shaded","section":"Shading Mode"},"sceneLighting":false,"audioPlay":false,"sceneViewState":{"m_AlwaysRefresh":false,"showFog":true,"showSkybox":false,"showFlares":true,"showImageEffects":true,"showParticleSystems":true,"showVisualEffectGraphs":true,"m_FxEnabled":true},"in2DMode":false,"pivot":{"x":0.4864811599254608,"y":0.2860288619995117,"z":0.4494953155517578},"rotation":{"x":-0.5410970449447632,"y":0.012852522544562817,"z":-0.008265757001936436,"w":-0.8408337235450745},"size":5.657944679260254,"orthographic":false}