{"cameraMode":{"drawMode":0,"name":"Shaded","section":"Shading Mode"},"sceneLighting":false,"audioPlay":false,"sceneViewState":{"m_AlwaysRefresh":false,"showFog":true,"showSkybox":false,"showFlares":true,"showImageEffects":true,"showParticleSystems":true,"showVisualEffectGraphs":true,"m_FxEnabled":true},"in2DMode":false,"pivot":{"x":-0.4900249242782593,"y":1.434633493423462,"z":2.7060155868530275},"rotation":{"x":-0.46869197487831118,"y":-0.006358546670526266,"z":0.003414471633732319,"w":-0.8833619952201843},"size":0.7578820586204529,"orthographic":false}