{"cameraMode":{"drawMode":0,"name":"Shaded","section":"Shading Mode"},"sceneLighting":false,"audioPlay":false,"sceneViewState":{"m_AlwaysRefresh":false,"showFog":true,"showSkybox":false,"showFlares":true,"showImageEffects":true,"showParticleSystems":true,"showVisualEffectGraphs":true,"m_FxEnabled":true},"in2DMode":false,"pivot":{"x":-0.22767950594425202,"y":-0.08970773220062256,"z":-0.04639697074890137},"rotation":{"x":-0.4156428575515747,"y":0.04934893175959587,"z":-0.02255178615450859,"w":-0.9079376459121704},"size":1.2227590084075928,"orthographic":false}