{"cameraMode":{"drawMode":0,"name":"Shaded","section":"Shading Mode"},"sceneLighting":false,"audioPlay":false,"sceneViewState":{"m_AlwaysRefresh":false,"showFog":true,"showSkybox":false,"showFlares":true,"showImageEffects":true,"showParticleSystems":true,"showVisualEffectGraphs":true,"m_FxEnabled":true},"in2DMode":false,"pivot":{"x":-2.3252995014190676,"y":-1.8645222187042237,"z":2.1773037910461427},"rotation":{"x":-0.18729910254478455,"y":0.26666685938835146,"z":-0.053057748824357989,"w":-0.9440017938613892},"size":3.0169310569763185,"orthographic":false}