{"cameraMode":{"drawMode":0,"name":"Shaded","section":"Shading Mode"},"sceneLighting":true,"audioPlay":false,"sceneViewState":{"m_AlwaysRefresh":false,"showFog":true,"showSkybox":true,"showFlares":true,"showImageEffects":true,"showParticleSystems":true,"showVisualEffectGraphs":true,"m_FxEnabled":true},"in2DMode":false,"pivot":{"x":-0.055744171142578128,"y":6.915185928344727,"z":-6.071145057678223},"rotation":{"x":0.19900654256343842,"y":0.029187191277742387,"z":-0.006155992858111858,"w":0.9797033667564392},"size":9.41026782989502,"orthographic":true}